Participant ID,Teaching Method,Order of Tasks,Round,Target,Completion Time (s),Successful?
1,1,EH,1,A,3.03,Y
1,1,EH,2,A,1.76,Y
1,1,EH,3,A,1.4,Y
2,2,EH,1,A,17.7,Y
2,2,EH,2,A,11.08,Y
2,2,EH,3,A,2.7,Y
3,1,HE,1,A,0.8,Y
3,1,HE,2,A,1.15,Y
3,1,HE,3,A,0.41,Y
4,2,HE,1,A,9.38,Y
4,2,HE,2,A,2.96,Y
4,2,HE,3,A,1.43,Y
5,1,EH,1,A,3.48,Y
5,1,EH,2,A,4.08,Y
5,1,EH,3,A,4.23,Y
6,2,EH,1,A,16.88,Y
6,2,EH,2,A,7.18,Y
6,2,EH,3,A,1.81,Y
7,1,HE,1,A,9.75,Y
7,1,HE,2,A,1.58,Y
7,1,HE,1,A,2.66,Y
8,2,HE,2,A,2.81,Y
8,2,HE,3,A,1.65,Y
8,2,HE,1,A,2.05,Y
1,1,EH,2,B,41.97,Y
1,1,EH,3,B,9.18,Y
1,1,EH,1,B,50.44,Y
2,2,EH,2,B,92.3,Y
2,2,EH,3,B,99.51,Y
2,2,EH,1,B,146.27,Y
3,1,HE,2,B,17.4,Y
3,1,HE,3,B,4.46,Y
3,1,HE,1,B,15.65,Y
4,2,HE,2,B,18.2,Y
4,2,HE,3,B,4.55,Y
4,2,HE,1,B,37.02,Y
5,1,EH,2,B,146.18,Y
5,1,EH,3,B,180,N
5,1,EH,1,B,65.21,Y
6,2,EH,2,B,9.98,Y
6,2,EH,1,B,5.06,Y
6,2,EH,2,B,8.3,Y
7,1,HE,3,B,30.09,Y
7,1,HE,1,B,2.23,Y
7,1,HE,2,B,2.98,Y
8,2,HE,3,B,27.93,Y
8,2,HE,1,B,35.55,Y
8,2,HE,2,B,6.58,Y
1,1,EH,3,C,4.61,Y
1,1,EH,1,C,2.53,Y
1,1,EH,2,C,4.86,Y
2,2,EH,3,C,13.85,Y
2,2,EH,1,C,61.09,Y
2,2,EH,2,C,2.18,Y
3,1,HE,3,C,2.86,Y
3,1,HE,1,C,1.03,Y
3,1,HE,2,C,0.68,Y
4,2,HE,3,C,1.43,Y
4,2,HE,1,C,1,Y
4,2,HE,2,C,1.61,Y
5,1,EH,1,C,13.79,Y
5,1,EH,2,C,44.27,Y
5,1,EH,3,C,6.21,Y
6,2,EH,1,C,6.85,Y
6,2,EH,2,C,7.53,Y
6,2,EH,3,C,14.38,Y
7,1,HE,1,C,15.92,Y
7,1,HE,2,C,1.54,Y
7,1,HE,3,C,2.53,Y
8,2,HE,1,C,4.4,Y
8,2,HE,2,C,29.25,Y
8,2,HE,3,C,18.2,Y
1,1,EH,1,A,11,Y
1,1,EH,2,A,3,Y
1,1,EH,3,A,2,Y
2,2,EH,1,A,10,Y
2,2,EH,2,A,18,Y
2,2,EH,3,A,4,Y
3,1,HE,1,A,7,Y
3,1,HE,2,A,14,Y
3,1,HE,1,A,9,Y
4,2,HE,2,A,22,Y
4,2,HE,3,A,8,Y
4,2,HE,1,A,6,Y
5,1,EH,2,A,11,Y
5,1,EH,3,A,6,Y
5,1,EH,1,A,14,Y
6,2,EH,2,A,4,Y
6,2,EH,3,A,3,Y
6,2,EH,1,A,1,Y
7,1,HE,2,A,27,Y
7,1,HE,3,A,7,Y
7,1,HE,1,A,16,Y
8,2,HE,2,A,5,Y
8,2,HE,3,A,3,Y
8,2,HE,1,A,5,Y
1,1,EH,2,B,177,Y
1,1,EH,3,B,66,Y
1,1,EH,1,B,17,Y
2,2,EH,2,B,180,N
2,2,EH,1,B,40,Y
2,2,EH,2,B,21,Y
3,1,HE,3,B,91,Y
3,1,HE,1,B,36,Y
3,1,HE,2,B,21,Y
4,2,HE,3,B,180,N
4,2,HE,1,B,180,N
4,2,HE,2,B,180,N
5,1,EH,3,B,180,N
5,1,EH,1,B,38,Y
5,1,EH,2,B,57,Y
6,2,EH,3,B,8,Y
6,2,EH,1,B,8,Y
6,2,EH,2,B,3,Y
7,1,HE,3,B,129,Y
7,1,HE,1,B,6,Y
7,1,HE,2,B,9,Y
8,2,HE,3,B,17,Y
8,2,HE,1,B,76,Y
8,2,HE,2,B,76,Y
1,1,EH,1,C,4,Y
1,1,EH,2,C,48,Y
1,1,EH,3,C,16,Y
2,2,EH,1,C,75,Y
2,2,EH,2,C,51,Y
2,2,EH,3,C,54,Y
3,1,HE,1,C,40,Y
3,1,HE,2,C,5,Y
3,1,HE,3,C,3,Y
4,2,HE,1,C,13,Y
4,2,HE,2,C,17,Y
4,2,HE,3,C,14,Y
5,1,EH,1,C,3,Y
5,1,EH,2,C,54,Y
5,1,EH,3,C,4,Y
6,2,EH,1,C,20,Y
6,2,EH,2,C,63,Y
6,2,EH,3,C,1,Y
7,1,HE,1,C,180,N
7,1,HE,2,C,6,Y
7,1,HE,1,C,20,Y
8,2,HE,2,C,66,Y
8,2,HE,3,C,3,Y
8,2,HE,1,C,16,Y
1,1,EH,2,A,38,1
1,1,EH,3,A,14,1
1,1,EH,1,A,7,2
2,2,EH,2,A,180,0
2,2,EH,3,A,87,3
2,2,EH,1,A,133,3
3,1,HE,2,A,33,1
3,1,HE,3,A,19,1
3,1,HE,1,A,23,3
4,2,HE,2,A,180,0
4,2,HE,3,A,81,3
4,2,HE,1,A,31,3
5,1,EH,2,A,77,3
5,1,EH,3,A,38,2
5,1,EH,1,A,45,1
6,2,EH,2,A,14,2
6,2,EH,1,A,8,2
6,2,EH,2,A,8,2
7,1,HE,3,A,35,0
7,1,HE,1,A,144,2
7,1,HE,2,A,51,3
8,2,HE,3,A,13,3
8,2,HE,1,A,28,3
8,2,HE,2,A,36,0
1,1,EH,3,B,44,1
1,1,EH,1,B,56,1
1,1,EH,2,B,11,3
2,2,EH,3,B,29,1
2,2,EH,1,B,180,0
2,2,EH,2,B,38,3
3,1,HE,3,B,27,1
3,1,HE,1,B,34,3
3,1,HE,2,B,21,1
4,2,HE,3,B,92,3
4,2,HE,1,B,8,3
4,2,HE,2,B,14,3
5,1,EH,1,B,40,3
5,1,EH,2,B,37,2
5,1,EH,3,B,26,3
6,2,EH,1,B,10,3
6,2,EH,2,B,10,2
6,2,EH,3,B,6,3
7,1,HE,1,B,39,1
7,1,HE,2,B,19,0
7,1,HE,3,B,23,2
8,2,HE,1,B,19,3
8,2,HE,2,B,24,1
8,2,HE,3,B,22,1
1,1,EH,1,C,31,0
1,1,EH,2,C,69,3
1,1,EH,3,C,17,3
2,2,EH,1,C,46,3
2,2,EH,2,C,112,3
2,2,EH,3,C,127,3
3,1,HE,1,C,53,3
3,1,HE,2,C,49,3
3,1,HE,1,C,14,3
4,2,HE,2,C,73,3
4,2,HE,3,C,131,1
4,2,HE,1,C,16,3
5,1,EH,2,C,25,3
5,1,EH,3,C,31,3
5,1,EH,1,C,20,3
6,2,EH,2,C,17,2
6,2,EH,3,C,7,3
6,2,EH,1,C,10,2
7,1,HE,2,C,42,0
7,1,HE,3,C,89,0
7,1,HE,1,C,2,1
8,2,HE,2,C,43,3
8,2,HE,3,C,38,3
8,2,HE,1,C,24,3
